sweep,f_center_mhz,nbins,snr_db,level_db,persist,spur,verdict
1G_low,1.499,11,5.4,-0.5,0.55,0,
1G_low,2.365,4,5.1,-5.3,0.35,0,
1G_low,16.320,2,5.6,-6.2,0.50,0,
1G_low,17.590,6,3.4,-2.7,0.40,0,
1G_low,18.062,2,2.6,-6.7,0.30,0,
1G_low,20.001,7,30.0,21.3,1.00,0,
1G_low,26.200,46,8.5,12.8,0.80,0,
1G_low,32.325,29,7.3,10.1,0.70,0,
1G_low,34.648,9,3.5,2.2,0.40,0,
1G_low,45.053,109,11.6,19.7,0.95,0,
1G_low,56.891,21,3.6,-1.3,0.40,0,
1G_low,60.001,3,13.9,-1.0,1.00,1,
1G_low,65.951,1,1.7,-17.7,0.20,0,
1G_low,66.535,3,5.9,-10.9,0.50,0,
1G_low,80.032,3,6.6,-11.2,0.65,1,
1G_low,88.492,3,3.2,-14.6,0.30,0,
1G_low,89.480,1,2.7,-17.9,0.20,0,
1G_low,92.675,2,3.3,-14.3,0.35,0,
1G_low,93.305,3,12.1,-5.6,0.95,0,
1G_low,94.906,3,10.9,-5.9,1.00,0,
1G_low,95.713,2,7.0,-10.2,0.50,0,
1G_low,96.470,4,13.3,-2.8,0.95,0,
1G_low,97.285,2,6.6,-10.2,0.60,0,
1G_low,98.083,2,5.7,-11.8,0.65,0,
1G_low,98.902,3,8.9,-7.8,0.75,0,
1G_low,99.967,5,14.8,-1.0,1.00,0,
1G_low,101.307,4,14.6,-0.4,1.00,0,
1G_low,104.518,2,4.5,-10.8,0.40,0,
1G_low,105.271,3,8.5,-6.7,0.80,0,
1G_low,106.108,2,4.3,-10.9,0.35,0,
1G_low,106.932,3,4.4,-10.8,0.50,0,
1G_low,107.635,3,3.7,-10.5,0.25,0,
1G_low,120.006,2,8.9,-4.0,0.95,1,
1G_low,124.999,6,2.1,-5.0,0.25,0,
1G_low,135.499,2,1.9,-8.9,0.15,0,
1G_low,140.049,3,6.4,-2.5,0.60,1,
1G_low,142.538,4,5.6,-3.9,0.45,0,
1G_low,144.323,2,2.4,-6.6,0.10,0,
1G_low,144.784,5,3.3,-2.3,0.25,0,
1G_low,146.549,3,6.4,-1.3,0.65,0,
1G_low,147.069,4,7.7,2.5,0.80,0,
1G_low,149.446,2,2.5,-4.9,0.30,0,
1G_low,149.971,1,1.3,-8.0,0.25,1,
1G_low,151.833,1,2.1,-7.5,0.25,0,
1G_low,154.152,4,7.0,-0.7,0.60,0,
1G_low,158.845,2,5.8,-2.9,0.65,0,
1G_low,159.998,3,10.6,1.0,1.00,1,
1G_low,161.187,2,2.3,-7.3,0.25,0,
1G_low,163.531,2,3.4,-7.3,0.35,0,
1G_low,165.862,3,4.2,-5.6,0.40,0,
1G_low,168.184,2,4.9,-6.8,0.40,0,
1G_low,172.868,2,2.7,-7.9,0.25,0,
1G_low,177.520,1,3.3,-12.1,0.30,0,
1G_low,179.986,3,8.4,-5.8,0.55,1,
1G_low,186.885,2,1.9,-12.7,0.30,0,
1G_low,204.324,2,4.7,-9.5,0.35,0,
1G_low,209.247,4,2.4,-7.7,0.20,0,
1G_low,220.012,2,10.2,-3.5,0.95,1,
1G_low,240.005,2,10.0,-7.3,0.90,1,
1G_low,245.020,2,1.7,-14.3,0.20,0,
1G_low,293.118,3,14.8,-5.5,1.00,0,
1G_low,318.734,2,1.9,-17.9,0.20,0,
1G_low,319.995,3,12.3,-7.3,1.00,1,
1G_low,323.990,1,3.1,-18.9,0.35,0,
1G_low,340.007,2,2.9,-17.6,0.30,1,
1G_low,343.010,1,1.6,-21.0,0.20,0,
1G_low,360.007,2,7.9,-12.9,0.70,1,
1G_low,371.992,2,4.7,-16.2,0.55,0,
1G_low,378.378,51,21.7,9.3,0.85,0,
1G_low,400.000,3,18.4,-2.0,1.00,1,
1G_low,407.989,3,9.0,-11.3,0.95,0,
1G_low,419.997,3,11.7,-7.7,1.00,1,
1G_low,431.987,2,3.6,-14.5,0.30,0,
1G_low,434.480,1,2.3,-18.2,0.25,0,
1G_low,439.948,5,11.4,-5.8,1.00,0,
1G_low,440.998,2,1.9,-15.4,0.20,0,
1G_low,459.997,3,14.5,-2.4,1.00,1,
1G_low,480.001,4,20.4,2.0,1.00,0,
1G_low,489.971,1,1.9,-20.7,0.25,1,
1G_low,501.633,56,14.7,1.8,1.00,0,
1G_low,540.000,3,15.1,-5.3,0.95,1,
1G_low,554.334,2,1.9,-16.2,0.15,0,
1G_low,557.246,6,3.7,-10.5,0.35,0,
1G_low,560.007,2,10.3,-8.0,0.95,1,
1G_low,560.310,2,7.5,-10.3,0.80,0,
1G_low,572.294,2,3.2,-18.0,0.35,0,
1G_low,580.002,2,7.1,-14.2,0.75,1,
1G_low,585.261,25,8.6,-5.2,0.70,0,
1G_low,587.159,2,2.7,-18.5,0.25,0,
1G_low,588.688,23,6.3,-5.5,0.45,0,
1G_low,619.992,3,7.3,-12.3,0.70,1,
1G_low,621.459,3,2.9,-15.2,0.10,0,
1G_low,621.784,2,2.3,-16.8,0.15,0,
1G_low,622.261,2,3.0,-17.0,0.20,0,
1G_low,623.021,5,2.8,-13.2,0.25,0,
1G_low,636.989,2,7.2,-13.1,0.70,0,
1G_low,640.005,2,6.1,-15.3,0.45,1,
1G_low,659.999,3,13.1,-8.0,1.00,1,
1G_low,680.021,2,2.0,-18.5,0.20,1,
1G_low,700.006,2,9.3,-11.4,0.90,1,
1G_low,720.009,2,9.4,-9.5,0.85,1,
1G_low,732.782,2,5.4,-13.8,0.50,0,
1G_low,737.770,94,20.9,13.6,0.95,0,
1G_low,761.736,94,18.4,11.7,0.55,0,
1G_low,769.608,2,5.2,-15.6,0.50,0,
1G_low,773.679,3,11.1,-9.6,0.85,0,
1G_low,780.017,2,6.5,-13.4,0.65,1,
1G_low,783.988,3,7.4,-13.7,0.80,0,
1G_low,800.006,2,8.6,-12.7,0.85,1,
1G_low,820.000,3,12.0,-8.8,1.00,1,
1G_low,832.971,2,2.0,-19.4,0.30,0,
1G_low,839.995,3,10.2,-11.1,0.95,1,
1G_low,844.378,3,5.4,-15.9,0.35,0,
1G_low,851.242,3,9.5,-12.0,0.75,0,
1G_low,851.801,2,7.5,-14.0,0.50,0,
1G_low,852.866,2,8.7,-11.8,0.65,0,
1G_low,853.877,3,9.3,-12.2,0.80,0,
1G_low,860.006,2,4.4,-16.9,0.50,1,
1G_low,870.856,3,1.7,-17.3,0.10,0,
1G_low,871.339,5,4.2,-13.3,0.20,0,
1G_low,871.909,3,3.4,-15.7,0.10,0,
1G_low,874.365,2,5.9,-15.7,0.45,0,
1G_low,877.078,4,4.9,-13.0,0.05,0,
1G_low,878.745,2,2.3,-17.3,0.20,0,
1G_low,880.006,2,8.0,-12.9,0.80,1,
1G_low,891.882,2,2.1,-18.2,0.20,0,
1G_low,900.008,2,6.2,-15.1,0.55,1,
1G_low,920.003,2,6.6,-14.3,0.60,1,
1G_low,920.994,2,8.1,-12.1,0.65,0,
1G_low,925.620,2,3.4,-17.2,0.30,0,
1G_low,930.005,2,5.2,-15.8,0.40,1,
1G_low,930.994,2,3.5,-16.9,0.35,0,
1G_low,940.853,1,2.6,-20.4,0.25,0,
1G_low,943.108,1,4.3,-18.7,0.35,0,
1G_low,947.492,2,5.2,-16.5,0.50,0,
1G_low,960.007,2,2.2,-18.9,0.25,1,
1G_low,980.015,2,2.5,-18.3,0.35,1,
1G_low,1000.008,2,5.2,-16.6,0.40,1,
1G_high,8.059,52,20.2,40.2,1.00,0,suspect_imd
1G_high,12.029,1,1.7,11.6,0.20,0,inconclusive_bursty
1G_high,14.000,3,22.8,34.6,1.00,0,suspect_imd
1G_high,18.734,52,28.0,44.3,1.00,0,compressed
1G_high,31.534,28,7.1,41.3,0.55,0,linear
1G_high,37.366,2,3.0,28.2,0.35,0,inconclusive_bursty
1G_high,40.007,2,5.0,29.7,0.55,1,linear
1G_high,42.037,3,6.3,30.8,0.70,0,linear
1G_high,44.374,3,10.4,36.1,0.95,0,linear
1G_high,46.877,2,2.4,29.2,0.30,0,inconclusive_bursty
1G_high,47.258,4,1.7,31.2,0.20,0,inconclusive_bursty
1G_high,47.744,4,2.6,31.8,0.35,0,inconclusive_bursty
1G_high,49.030,8,10.6,38.7,0.75,0,linear
1G_high,49.865,3,2.3,29.3,0.20,0,inconclusive_bursty
1G_high,60.001,2,6.5,29.1,0.65,1,compressed
1G_high,63.107,3,4.7,28.1,0.45,0,inconclusive_bursty
1G_high,63.958,4,3.9,26.8,0.30,0,inconclusive_bursty
1G_high,64.598,5,2.7,27.4,0.30,0,inconclusive_bursty
1G_high,65.069,1,2.6,20.8,0.25,0,inconclusive_bursty
1G_high,65.398,2,2.1,21.9,0.25,0,inconclusive_bursty
1G_high,66.049,1,2.7,19.9,0.30,0,inconclusive_bursty
1G_high,66.534,7,12.8,34.5,0.95,0,linear
1G_high,67.692,2,5.0,22.4,0.45,0,inconclusive_bursty
1G_high,70.043,2,4.3,21.4,0.30,1,inconclusive_bursty
1G_high,77.086,5,5.3,25.2,0.60,0,suspect_imd
1G_high,77.680,4,2.3,22.9,0.25,0,inconclusive_bursty
1G_high,79.526,36,13.2,36.6,1.00,0,linear
1G_high,81.735,1,3.6,19.0,0.40,0,inconclusive_bursty
1G_high,88.477,2,5.5,22.2,0.55,0,linear
1G_high,89.455,2,4.2,21.4,0.30,0,inconclusive_bursty
1G_high,91.049,1,1.9,18.4,0.20,0,inconclusive_bursty
1G_high,92.698,3,9.0,28.2,0.85,0,linear
1G_high,93.303,6,16.9,36.6,1.00,0,linear
1G_high,94.897,5,16.5,36.5,1.00,0,linear
1G_high,95.716,4,11.9,32.4,0.85,0,linear
1G_high,96.502,4,14.4,35.1,1.00,0,linear
1G_high,97.298,3,9.7,29.8,0.75,0,linear
1G_high,98.098,3,10.5,30.8,0.90,0,linear
1G_high,98.893,3,11.2,31.3,0.90,0,linear
1G_high,99.726,6,11.5,32.8,1.00,0,linear
1G_high,101.302,5,18.2,39.9,1.00,0,linear
1G_high,102.849,4,3.6,26.8,0.35,0,inconclusive_bursty
1G_high,104.507,3,10.7,31.9,0.90,0,linear
1G_high,105.293,3,12.4,33.3,1.00,0,linear
1G_high,106.084,2,7.8,28.1,0.55,0,linear
1G_high,106.903,3,7.0,28.3,0.75,0,linear
1G_high,107.719,7,9.2,31.9,0.80,0,linear
1G_high,109.757,2,6.0,25.5,0.65,0,linear
1G_high,114.440,2,1.7,23.3,0.25,0,inconclusive_bursty
1G_high,120.010,2,8.2,31.2,0.80,1,linear
1G_high,128.500,1,1.3,22.5,0.15,0,inconclusive_bursty
1G_high,135.431,2,5.6,28.6,0.60,0,linear
1G_high,137.814,1,3.0,24.2,0.25,0,inconclusive_bursty
1G_high,140.128,2,9.8,33.1,1.00,0,linear
1G_high,142.462,2,5.8,29.2,0.70,0,linear
1G_high,146.563,3,8.8,32.9,0.90,0,linear
1G_high,147.035,4,9.7,35.0,0.85,0,linear
1G_high,149.478,3,10.3,34.7,1.00,0,linear
1G_high,150.009,2,2.9,27.5,0.25,1,inconclusive_bursty
1G_high,154.137,4,11.3,36.6,1.00,0,linear
1G_high,156.483,2,4.6,28.8,0.40,0,inconclusive_bursty
1G_high,158.830,2,3.4,27.1,0.40,0,inconclusive_bursty
1G_high,160.001,3,11.7,35.6,1.00,1,linear
1G_high,161.158,3,9.2,32.6,1.00,0,linear
1G_high,163.485,3,9.6,33.1,1.00,0,linear
1G_high,165.853,1,1.9,23.3,0.25,0,inconclusive_bursty
1G_high,168.155,4,12.1,36.6,1.00,0,linear
1G_high,172.834,2,6.0,28.1,0.70,0,linear
1G_high,174.418,2,2.9,25.6,0.30,0,inconclusive_bursty
1G_high,175.167,1,3.2,23.8,0.25,0,inconclusive_bursty
1G_high,176.638,5,3.2,29.4,0.35,0,inconclusive_bursty
1G_high,177.478,2,1.9,24.7,0.20,0,inconclusive_bursty
1G_high,177.716,1,2.1,22.4,0.10,0,inconclusive_bursty
1G_high,178.571,6,3.1,29.9,0.25,0,inconclusive_bursty
1G_high,179.870,7,7.2,32.0,0.65,0,linear
1G_high,182.176,2,6.6,29.7,0.75,0,linear
1G_high,186.801,2,5.0,26.7,0.40,0,inconclusive_bursty
1G_high,196.032,3,5.7,29.5,0.35,0,inconclusive_bursty
1G_high,207.221,5,1.7,28.8,0.20,0,inconclusive_bursty
1G_high,209.138,4,2.7,29.2,0.25,0,inconclusive_bursty
1G_high,240.000,3,10.5,32.3,0.85,1,linear
1G_high,245.006,2,5.3,26.6,0.40,0,inconclusive_bursty
1G_high,293.123,3,21.0,36.4,1.00,0,linear
1G_high,293.994,3,7.6,23.1,0.60,0,linear
1G_high,320.002,3,12.3,28.8,1.00,1,linear
1G_high,323.994,3,8.1,23.8,0.85,0,linear
1G_high,342.981,2,6.8,20.5,0.65,0,linear
1G_high,351.502,2,2.1,15.1,0.15,0,inconclusive_bursty
1G_high,360.016,2,4.1,16.6,0.35,1,inconclusive_bursty
1G_high,365.618,2,2.5,13.8,0.25,0,inconclusive_bursty
1G_high,372.001,4,14.5,25.4,0.90,0,linear
1G_high,380.004,2,8.9,17.3,0.95,1,compressed
1G_high,383.988,3,7.7,16.4,0.60,0,suspect_imd
1G_high,387.716,1,1.5,7.3,0.15,0,inconclusive_bursty
1G_high,391.985,4,5.9,15.5,0.45,0,inconclusive_bursty
1G_high,392.378,2,2.0,10.4,0.25,0,inconclusive_bursty
1G_high,399.999,4,23.5,33.0,1.00,0,linear
1G_high,401.696,2,1.1,10.9,0.25,0,inconclusive_bursty
1G_high,404.036,2,2.7,13.6,0.25,0,inconclusive_bursty
1G_high,406.389,2,5.3,16.8,0.50,0,linear
1G_high,407.994,3,16.2,27.3,1.00,0,linear
1G_high,411.062,3,6.5,18.6,0.60,0,linear
1G_high,415.696,2,2.4,15.6,0.20,0,inconclusive_bursty
1G_high,418.064,2,4.4,18.7,0.40,0,inconclusive_bursty
1G_high,420.007,2,4.8,18.9,0.30,1,inconclusive_bursty
1G_high,422.714,3,4.7,20.2,0.45,0,inconclusive_bursty
1G_high,425.069,1,2.9,16.0,0.30,0,inconclusive_bursty
1G_high,431.988,4,9.4,27.1,0.70,0,linear
1G_high,439.838,6,8.8,28.8,0.95,0,linear
1G_high,441.003,2,5.9,23.7,0.65,0,linear
1G_high,464.031,2,1.9,22.2,0.20,0,inconclusive_bursty
1G_high,474.607,3,3.8,23.5,0.25,0,inconclusive_bursty
1G_high,475.363,5,2.5,24.3,0.30,0,inconclusive_bursty
1G_high,479.998,3,21.3,36.6,1.00,1,linear
1G_high,490.005,2,6.8,18.4,0.50,1,linear
1G_high,491.992,2,4.2,15.8,0.30,0,inconclusive_bursty
1G_high,502.051,60,17.2,39.5,1.00,0,linear
1G_high,506.928,16,6.1,25.8,0.50,0,linear
1G_high,512.299,2,5.4,18.7,0.55,0,linear
1G_high,518.010,1,3.1,14.5,0.30,0,inconclusive_bursty
1G_high,540.012,5,9.0,22.9,0.70,0,compressed
1G_high,550.895,6,3.1,20.3,0.30,0,inconclusive_bursty
1G_high,553.202,10,5.0,23.9,0.35,0,inconclusive_bursty
1G_high,554.323,2,6.9,21.4,0.65,0,linear
1G_high,554.906,6,7.1,24.5,0.60,0,linear
1G_high,557.673,19,7.9,30.9,0.70,0,linear
1G_high,560.140,7,14.8,32.9,1.00,0,linear
1G_high,560.854,5,3.8,22.1,0.30,0,inconclusive_bursty
1G_high,561.631,9,6.0,25.7,0.45,0,inconclusive_bursty
1G_high,563.598,17,7.6,27.7,0.50,0,linear
1G_high,566.297,2,3.9,17.2,0.40,0,inconclusive_bursty
1G_high,566.997,2,3.1,15.2,0.30,0,inconclusive_bursty
1G_high,570.152,5,2.2,17.5,0.20,0,inconclusive_bursty
1G_high,572.810,15,9.9,27.4,0.65,0,linear
1G_high,575.123,2,2.5,13.5,0.35,0,inconclusive_bursty
1G_high,575.611,4,5.1,18.6,0.40,0,inconclusive_bursty
1G_high,576.281,6,3.7,18.8,0.35,0,inconclusive_bursty
1G_high,578.529,6,2.4,15.7,0.25,0,inconclusive_bursty
1G_high,580.005,2,5.8,14.7,0.60,1,linear
1G_high,587.078,59,17.4,37.4,1.00,0,linear
1G_high,595.025,4,1.7,14.0,0.25,0,inconclusive_bursty
1G_high,600.000,3,13.3,22.5,0.90,1,suspect_imd
1G_high,604.966,57,12.1,31.9,0.85,0,linear
1G_high,608.990,1,2.8,9.5,0.35,0,inconclusive_bursty
1G_high,611.985,2,2.5,11.9,0.25,0,inconclusive_bursty
1G_high,616.021,2,5.0,13.3,0.40,0,inconclusive_bursty
1G_high,617.598,4,5.3,16.5,0.35,0,inconclusive_bursty
1G_high,620.862,59,14.0,32.9,0.75,0,linear
1G_high,624.104,4,4.7,19.8,0.25,0,inconclusive_bursty
1G_high,624.631,4,3.1,18.9,0.20,0,inconclusive_bursty
1G_high,631.551,3,1.7,16.4,0.15,0,inconclusive_bursty
1G_high,633.024,10,4.5,20.0,0.30,0,inconclusive_bursty
1G_high,635.173,30,10.9,23.8,0.50,0,suspect_imd
1G_high,636.996,5,22.6,27.4,1.00,0,suspect_imd
1G_high,640.000,3,19.0,23.9,1.00,1,suspect_imd
1G_high,649.971,1,1.7,6.7,0.15,1,inconclusive_bursty
1G_high,660.008,2,4.2,15.0,0.40,1,inconclusive_bursty
1G_high,662.887,3,12.3,24.5,0.15,0,inconclusive_bursty
1G_high,679.999,3,11.8,22.6,1.00,1,linear
1G_high,682.210,6,22.9,34.7,0.20,0,suspect_imd
1G_high,685.988,2,7.0,17.2,0.75,0,linear
1G_high,700.007,2,6.5,20.4,0.80,1,linear
1G_high,720.007,2,9.1,26.1,1.00,1,linear
1G_high,732.810,3,7.4,24.0,0.80,0,linear
1G_high,738.013,94,15.7,44.7,0.95,0,compressed
1G_high,746.440,5,11.1,26.5,0.35,0,inconclusive_bursty
1G_high,747.562,7,3.0,21.7,0.30,0,inconclusive_bursty
1G_high,748.363,8,4.1,23.3,0.35,0,inconclusive_bursty
1G_high,751.020,35,7.1,32.6,0.50,0,linear
1G_high,754.801,7,4.4,25.6,0.45,0,inconclusive_bursty
1G_high,762.467,94,15.1,42.9,0.60,0,compressed
1G_high,769.597,3,11.2,24.5,0.80,0,linear
1G_high,773.682,4,16.0,28.8,0.95,0,linear
1G_high,780.012,2,10.8,23.2,1.00,1,linear
1G_high,784.004,5,14.5,26.3,1.00,0,linear
1G_high,800.011,2,6.4,16.2,0.60,1,linear
1G_high,805.006,2,4.7,14.0,0.55,0,suspect_imd
1G_high,820.000,3,12.7,22.8,1.00,1,compressed
1G_high,833.003,3,13.3,21.5,0.95,0,linear
1G_high,840.004,2,7.8,14.9,0.70,1,compressed
1G_high,851.536,11,17.2,28.9,0.90,0,linear
1G_high,852.854,3,14.2,23.7,0.80,0,linear
1G_high,853.884,3,17.4,25.9,0.95,0,linear
1G_high,859.996,3,8.9,17.7,0.85,1,linear
1G_high,870.634,25,14.3,28.0,0.40,0,inconclusive_bursty
1G_high,872.134,5,3.0,15.9,0.30,0,inconclusive_bursty
1G_high,872.951,10,4.2,19.3,0.35,0,inconclusive_bursty
1G_high,874.360,16,4.5,22.9,0.30,0,inconclusive_bursty
1G_high,875.364,3,1.6,14.8,0.25,0,inconclusive_bursty
1G_high,876.111,2,8.1,20.0,0.10,0,inconclusive_bursty
1G_high,876.481,2,4.1,16.3,0.10,0,inconclusive_bursty
1G_high,877.489,13,10.3,28.0,0.45,0,inconclusive_bursty
1G_high,878.359,5,5.0,19.2,0.35,0,inconclusive_bursty
1G_high,882.029,1,2.5,11.0,0.20,0,inconclusive_bursty
1G_high,891.880,2,2.3,11.4,0.20,0,inconclusive_bursty
1G_high,902.976,2,6.4,13.3,0.50,0,linear
1G_high,910.005,2,2.6,10.8,0.25,1,inconclusive_bursty
1G_high,915.002,2,3.5,13.5,0.25,0,inconclusive_bursty
1G_high,920.983,3,14.9,26.6,0.90,0,linear
1G_high,925.604,2,2.2,14.2,0.25,0,inconclusive_bursty
1G_high,926.466,2,5.1,15.5,0.05,0,inconclusive_bursty
1G_high,930.989,2,10.8,21.5,1.00,0,linear
1G_high,940.853,1,4.5,13.2,0.25,0,inconclusive_bursty
1G_high,947.520,1,3.2,11.5,0.30,0,inconclusive_bursty
1G_high,971.991,2,3.0,13.1,0.20,0,inconclusive_bursty
1G_high,979.986,3,5.6,14.7,0.35,1,inconclusive_bursty
1G_high,998.988,3,7.1,11.9,0.80,0,linear
1G_high,999.999,2,7.2,11.9,0.60,1,linear
6G_high,1025.911,2,10.7,20.0,1.00,0,
6G_high,1029.096,2,4.2,13.4,0.40,0,
6G_high,1050.227,1,3.7,12.0,0.30,1,
6G_high,1098.864,1,1.5,9.6,0.10,0,
6G_high,1126.950,3,8.3,21.6,0.80,0,
6G_high,1178.815,3,3.9,22.7,0.40,0,
6G_high,1221.358,42,13.1,30.4,0.90,0,
6G_high,1233.092,4,4.0,15.1,0.30,0,
6G_high,1273.965,3,14.2,22.8,0.50,0,
6G_high,1278.396,5,3.8,16.4,0.40,0,
6G_high,1281.493,3,6.5,17.1,0.40,0,
6G_high,1291.209,25,6.4,26.8,0.60,0,
6G_high,1307.700,5,6.6,28.3,0.20,0,
6G_high,1319.208,3,9.8,31.3,0.80,0,
6G_high,1357.339,11,21.8,46.1,1.00,0,
6G_high,1364.095,6,10.8,30.0,0.70,0,
6G_high,1371.568,11,21.3,43.9,1.00,0,
6G_high,1388.246,10,9.5,30.6,0.20,0,
6G_high,1404.056,2,7.0,20.0,0.60,0,
6G_high,1420.586,4,7.7,19.1,0.60,0,
6G_high,1433.740,2,4.9,13.1,0.50,0,
6G_high,1438.123,2,6.1,14.8,0.70,0,
6G_high,1440.025,2,4.9,14.0,0.40,1,
6G_high,1450.571,2,6.8,13.7,0.70,0,
6G_high,1451.935,2,7.2,14.1,0.70,0,
6G_high,1455.227,1,4.4,10.1,0.60,0,
6G_high,1464.016,2,7.3,14.7,0.50,0,
6G_high,1470.227,1,5.2,11.1,0.20,1,
6G_high,1480.029,2,8.3,17.3,1.00,1,
6G_high,1489.318,1,5.4,12.4,0.50,0,
6G_high,1501.906,2,5.0,14.7,0.30,0,
6G_high,1506.329,2,5.2,16.2,0.50,0,
6G_high,1518.864,1,4.0,13.4,0.40,0,
6G_high,1559.981,2,10.6,23.0,0.90,1,
6G_high,1571.950,3,9.9,22.0,0.70,0,
6G_high,1599.773,1,3.7,13.5,0.20,1,
6G_high,1612.181,3,13.6,25.8,1.00,0,
6G_high,1617.045,1,6.7,16.6,0.80,0,
6G_high,1619.955,2,10.6,22.7,0.40,1,
6G_high,1715.051,3,15.8,24.9,0.80,0,
6G_high,1721.637,8,19.9,32.9,0.20,0,
6G_high,1725.882,4,19.0,30.3,0.20,0,
6G_high,1727.641,3,17.1,25.5,0.40,0,
6G_high,1729.318,1,4.8,11.7,0.10,0,
6G_high,1740.833,7,17.2,27.5,0.20,0,
6G_high,1764.024,2,6.7,14.9,0.40,0,
6G_high,1799.997,2,8.7,16.2,0.90,1,
6G_high,1812.816,2,4.8,10.4,0.40,0,
6G_high,1835.981,3,13.8,19.7,0.60,0,
6G_high,1844.776,24,20.9,32.3,1.00,0,
6G_high,1856.198,21,32.2,42.5,0.10,0,
6G_high,1874.089,4,13.7,22.2,0.20,0,
6G_high,1878.783,11,13.2,23.4,1.00,0,
6G_high,1919.993,4,17.6,24.4,1.00,0,
6G_high,1934.646,21,15.2,28.9,0.90,0,
6G_high,1950.977,44,13.6,31.7,1.00,0,
6G_high,1991.931,2,6.2,13.0,0.60,0,
6G_high,1993.711,2,9.5,16.8,0.90,0,
6G_high,1998.148,2,8.0,15.6,1.00,0,
6G_high,2000.010,4,14.8,22.9,1.00,0,
6G_high,2010.595,3,10.5,16.6,1.00,0,
6G_high,2015.284,2,10.7,15.1,1.00,0,
6G_high,2036.713,3,9.6,15.8,1.00,0,
6G_high,2040.018,4,17.0,23.3,1.00,0,
6G_high,2044.773,1,10.5,13.8,1.00,0,
6G_high,2049.390,3,12.0,17.4,1.00,0,
6G_high,2051.983,3,18.6,23.8,1.00,0,
6G_high,2061.864,2,10.8,16.1,1.00,0,
6G_high,2066.218,3,12.7,17.9,1.00,0,
6G_high,2080.014,4,19.7,25.5,1.00,0,
6G_high,2111.611,3,5.6,12.4,0.50,0,
6G_high,2120.007,4,19.7,26.8,1.00,0,
6G_high,2131.372,4,6.6,14.9,0.40,0,
6G_high,2146.491,38,13.5,29.4,0.70,0,
6G_high,2155.955,2,3.8,11.2,0.30,0,
6G_high,2160.009,4,15.8,24.1,1.00,0,
6G_high,2167.229,14,13.5,28.2,0.60,0,
6G_high,2199.988,6,21.9,34.8,1.00,0,
6G_high,2205.018,2,9.6,22.1,0.90,0,
6G_high,2219.955,2,3.8,15.7,0.30,1,
6G_high,2240.010,4,20.3,32.8,1.00,0,
6G_high,2253.960,3,9.0,20.7,0.90,0,
6G_high,2259.773,1,3.6,13.0,0.40,1,
6G_high,2268.011,3,11.1,22.7,1.00,0,
6G_high,2280.011,4,19.8,32.1,1.00,0,
6G_high,2299.773,1,4.3,13.5,0.30,1,
6G_high,2319.984,4,17.4,29.5,1.00,0,
6G_high,2351.293,4,6.9,19.5,0.50,0,
6G_high,2359.971,3,15.9,27.2,1.00,1,
6G_high,2381.705,3,11.7,22.3,0.20,0,
6G_high,2396.591,1,3.8,12.2,0.20,0,
6G_high,2399.958,3,15.4,26.6,1.00,1,
6G_high,2402.246,2,9.4,20.5,0.10,0,
6G_high,2406.831,2,5.1,16.7,0.10,0,
6G_high,2412.869,28,14.2,33.4,0.40,0,
6G_high,2439.976,4,16.2,28.5,1.00,0,
6G_high,2447.374,11,23.6,41.1,0.30,0,
6G_high,2457.687,35,26.9,44.0,1.00,0,
6G_high,2480.003,2,11.6,21.9,1.00,1,
6G_high,2484.026,2,6.7,15.9,0.50,0,
6G_high,2499.773,1,9.1,16.4,0.10,1,
6G_high,2521.930,35,11.5,30.6,0.90,0,
6G_high,2532.441,3,3.7,17.3,0.30,0,
6G_high,2534.552,2,5.7,19.7,0.40,0,
6G_high,2545.404,2,4.7,21.7,0.20,0,
6G_high,2584.594,2,4.4,19.7,0.30,0,
6G_high,2587.306,7,8.5,26.4,0.30,0,
6G_high,2592.005,3,5.2,20.3,0.40,0,
6G_high,2694.972,2,6.7,18.1,0.50,0,
6G_high,2733.930,27,8.6,19.4,0.70,0,
6G_high,2787.531,3,15.7,17.2,1.00,0,
6G_high,2848.174,2,7.5,9.6,0.80,0,
6G_high,2908.116,3,15.7,17.4,1.00,0,
6G_high,2953.409,1,3.8,3.4,0.40,0,
6G_high,2968.211,3,10.2,12.8,1.00,0,
6G_high,2999.932,2,4.4,5.9,0.30,1,
6G_high,3028.761,3,15.6,17.5,1.00,0,
6G_high,3088.707,2,5.0,7.0,0.70,0,
6G_high,3101.757,11,29.1,36.1,0.20,0,
6G_high,3114.146,6,13.5,17.2,0.10,0,
6G_high,3149.365,3,13.9,15.5,1.00,0,
6G_high,3209.336,3,6.9,8.5,0.60,0,
6G_high,3269.441,2,6.8,7.4,0.70,0,
6G_high,3324.378,3,15.3,16.4,1.00,0,
6G_high,3462.396,2,6.8,6.4,0.60,0,
6G_high,3467.500,1,4.4,2.9,0.30,0,
6G_high,3498.398,3,8.0,8.6,0.20,0,
6G_high,3511.114,8,15.0,17.2,0.20,0,
6G_high,3515.855,6,12.6,16.7,0.30,0,
6G_high,3518.456,3,8.3,9.3,0.20,0,
6G_high,3519.773,1,8.9,7.7,0.20,1,
6G_high,3522.808,9,9.9,14.4,0.20,0,
6G_high,3527.661,5,10.4,14.2,0.10,0,
6G_high,3529.652,2,7.3,7.4,0.10,1,
6G_high,3582.500,1,5.2,3.9,0.50,0,
6G_high,3619.773,1,13.2,13.1,0.90,1,
6G_high,3628.720,2,5.3,7.0,0.50,0,
6G_high,3631.883,3,14.8,17.6,1.00,0,
6G_high,3636.262,3,14.6,17.1,1.00,0,
6G_high,3663.754,3,15.5,17.9,1.00,0,
6G_high,3668.126,3,14.2,17.0,1.00,0,
6G_high,3680.255,2,13.7,14.2,1.00,1,
6G_high,3819.773,1,5.6,4.9,0.50,1,
6G_high,3831.833,2,5.3,7.5,0.40,0,
6G_high,3836.325,2,5.6,7.4,0.30,0,
6G_high,3855.521,18,9.0,18.9,0.70,0,
6G_high,3863.711,2,5.8,7.3,0.50,0,
6G_high,3868.150,2,4.7,6.9,0.50,0,
6G_high,3880.227,1,6.9,6.7,0.60,1,
6G_high,3882.125,5,26.5,28.5,0.20,0,
6G_high,3895.227,1,4.5,4.4,0.20,0,
6G_high,3904.773,1,10.1,9.9,1.00,0,
6G_high,3919.773,1,9.2,9.2,0.90,1,
6G_high,3952.500,3,11.0,12.9,0.90,0,
6G_high,3974.773,1,9.9,10.1,1.00,0,
6G_high,4019.773,1,10.1,10.0,1.00,1,
6G_high,4025.227,1,3.7,3.7,0.20,0,
6G_high,4031.846,4,13.2,16.1,1.00,0,
6G_high,4036.212,3,12.6,14.6,1.00,0,
6G_high,4063.711,3,13.3,15.6,1.00,0,
6G_high,4068.106,3,13.0,15.4,1.00,0,
6G_high,4069.773,1,9.7,9.7,1.00,1,
6G_high,4080.227,1,11.7,11.9,1.00,1,
6G_high,4093.192,4,18.8,22.5,0.10,0,
6G_high,4145.626,3,3.7,9.3,0.10,0,
6G_high,4182.468,3,6.3,11.6,0.30,0,
6G_high,4186.093,6,10.5,17.8,0.30,0,
6G_high,4207.440,6,20.9,26.5,0.10,0,
6G_high,4209.994,5,14.4,17.3,0.30,0,
6G_high,4217.202,11,12.3,21.0,0.50,0,
6G_high,4231.887,2,7.4,9.4,0.50,0,
6G_high,4236.266,2,5.3,6.7,0.60,0,
6G_high,4263.789,3,7.5,9.5,0.70,0,
6G_high,4268.153,2,6.8,8.7,0.60,0,
6G_high,4280.227,1,8.3,7.8,0.60,1,
6G_high,4390.255,2,18.6,18.2,1.00,1,
6G_high,4419.773,1,6.8,6.2,0.50,1,
6G_high,4431.859,2,7.1,8.7,0.70,0,
6G_high,4436.304,2,8.2,9.5,0.80,0,
6G_high,4463.715,2,7.4,8.5,0.80,0,
6G_high,4468.145,2,7.9,9.7,0.90,0,
6G_high,4480.227,1,5.6,5.0,0.60,1,
6G_high,4502.564,11,9.3,16.9,0.90,0,
6G_high,4590.227,1,6.5,5.6,0.40,1,
6G_high,4598.409,1,5.0,4.3,0.50,0,
6G_high,4687.500,1,4.5,3.9,0.40,0,
6G_high,4705.227,1,5.4,4.6,0.50,0,
6G_high,4719.773,1,5.2,4.4,0.50,1,
6G_high,4819.773,1,4.7,3.4,0.40,1,
6G_high,4831.858,2,3.6,4.7,0.40,0,
6G_high,4868.135,2,4.5,5.4,0.50,0,
6G_high,4880.227,1,6.4,5.2,0.40,1,
6G_high,4887.493,3,8.8,9.5,1.00,0,
6G_high,4912.520,3,8.6,9.7,0.80,0,
6G_high,4919.773,1,6.8,6.0,0.80,1,
6G_high,4976.250,2,6.6,7.2,0.60,0,
6G_high,5023.775,3,12.4,14.4,1.00,0,
6G_high,5080.227,1,11.6,12.1,1.00,1,
6G_high,5087.505,3,12.0,14.6,1.00,0,
6G_high,5137.510,3,8.6,16.4,0.80,0,
6G_high,5160.249,2,17.7,24.0,1.00,1,
6G_high,5168.753,3,19.4,27.6,1.00,0,
6G_high,5194.749,2,19.5,24.6,1.00,0,
6G_high,5219.773,1,4.0,6.6,0.30,1,
6G_high,5233.121,2,3.2,7.1,0.30,0,
6G_high,5235.227,1,5.8,7.6,0.70,0,
6G_high,5237.500,1,5.4,7.0,0.40,0,
6G_high,5251.283,2,6.4,8.9,0.70,0,
6G_high,5255.534,2,5.4,7.8,0.50,0,
6G_high,5266.282,2,7.0,9.1,0.60,0,
6G_high,5293.691,2,5.9,8.0,0.60,0,
6G_high,5304.484,2,6.3,8.2,0.50,0,
6G_high,5308.778,3,7.6,9.9,0.90,0,
6G_high,5322.510,3,7.3,9.1,0.80,0,
6G_high,5324.773,1,6.9,6.7,0.70,0,
6G_high,5326.830,2,6.7,9.2,0.60,0,
6G_high,5340.227,1,7.3,6.9,0.70,1,
6G_high,5391.321,2,5.6,6.8,0.70,0,
6G_high,5399.773,1,4.1,3.1,0.30,1,
6G_high,5713.282,2,5.6,6.0,0.50,0,
6G_high,5907.977,11,11.0,16.5,0.50,0,
6G_high,5930.981,4,6.9,9.3,0.30,0,
6G_high,5933.236,4,9.1,11.1,0.40,0,
6G_high,5934.773,1,8.4,7.2,0.40,0,
6G_high,5939.221,6,10.8,12.3,0.60,0,
6G_high,5957.500,3,6.8,8.1,0.70,0,
6G_high,5975.546,2,5.6,6.1,0.60,0,
